{
	"zipInfo": {
		"creatorName": "Theming Engine",
		"creatorVersion": "1.23061.0",
		"created": "2023-09-27T13:38:21Z",
		"lessVersion": "1.6.3",
		"compression": "none",
		"exportMode": "ALL_LOCAL"
	},
	"contentInfo": {
		"sourcePath": "https://mobilepm.cpp.cfapps.eu10.hana.ondemand.com/comsapuitheming.themedesigner/theming-repository/sap-themes/~v=Base:11.6.8,UR:10.30.7.351987.1,UI5:1.118.0",
		"frameworks": {
			"Base": {
				"version": "11.6.8"
			}
		},
		"libraries": {
			"Base.baseLib": {
				"version": "11.6.8"
			}
		},
		"themes": {
			"airline_theme_2_light": {
				"id": "airline_theme_2_light",
				"extends": "sap_horizon",
				"label": "airline_theme_2_light",
				"vendor": "",
				"textDirections": "LTR"
			}
		}
	}
}