{
	"zipInfo": {
		"creatorName": "Theming Engine",
		"creatorVersion": "1.71.0",
		"created": "2023-01-20T21:28:45Z",
		"lessVersion": "1.6.3",
		"compression": "none",
		"exportMode": "DESIGNTIME"
	},
	"contentInfo": {
		"sourcePath": "https://mobilepm.cpp.cfapps.eu10.hana.ondemand.com/comsapuitheming.themedesigner/theming-repository/sap-themes/~v=Base:11.1.48,UR:10.30.7.348028.0,UI5:1.109.3",
		"frameworks": {
			"UR": {
				"version": "10.30.7.348028.0"
			},
			"UI5": {
				"version": "1.109.3"
			},
			"Base": {
				"version": "11.1.48"
			}
		},
		"libraries": {
			"UR.baseLib": {
				"version": "10.30.7.348028.0"
			},
			"UI5.sap/esh/search/ui": {
				"version": "1.109.0"
			},
			"UI5.sap/f": {
				"version": "1.109.0"
			},
			"UI5.sap/m": {
				"version": "1.109.0"
			},
			"UI5.sap/suite/ui/microchart": {
				"version": "1.109.0"
			},
			"UI5.sap/ui/core": {
				"version": "1.109.0"
			},
			"UI5.sap/ui/export": {
				"version": "1.109.0"
			},
			"UI5.sap/ui/layout": {
				"version": "1.109.0"
			},
			"UI5.sap/ui/table": {
				"version": "1.109.0"
			},
			"UI5.sap/ui/unified": {
				"version": "1.109.0"
			},
			"UI5.sap/ui/vbm": {
				"version": "1.109.0"
			},
			"UI5.sap/ui/vk": {
				"version": "1.109.0"
			},
			"UI5.sap/ushell": {
				"version": "1.109.2"
			},
			"UI5.sap/uxap": {
				"version": "1.109.0"
			},
			"Base.baseLib": {
				"version": "11.1.48"
			}
		},
		"themes": {
			"airline_theme_1_dark": {
				"id": "airline_theme_1_dark",
				"extends": "sap_horizon",
				"label": "airline_theme_1_dark",
				"vendor": "",
				"textDirections": "LTR"
			}
		}
	}
}